{
  "version": 1,
  "author": "Kani Obed",
  "editor": "wokwi",
  "parts": [
    { "type": "wokwi-esp32-devkit-v1", "id": "esp", "top": 0, "left": 0, "attrs": {} },
    {
      "type": "wokwi-led",
      "id": "led1",
      "top": 1.5875880125959938,
      "left": -111.87145738244342,
      "attrs": { "color": "red" }
    },
    {
      "type": "wokwi-led",
      "id": "led2",
      "top": -39.37,
      "left": -213.5,
      "attrs": { "color": "yellow" }
    }
  ],
  "connections": [
    [ "esp:TX0", "$serialMonitor:RX", "", [] ],
    [ "esp:RX0", "$serialMonitor:TX", "", [] ],
    [ "esp:GND.1", "led1:C", "black", [ "h0" ] ],
    [ "esp:D15", "led1:A", "green", [ "h0" ] ],
    [ "esp:D2", "led2:A", "green", [ "h0" ] ],
    [ "led2:C", "esp:GND.1", "green", [ "v62.41", "h101" ] ]
  ]
}