{
  "version": 1,
  "author": "Kani Obed",
  "editor": "wokwi",
  "parts": [
    { "type": "wokwi-arduino-uno", "id": "uno", "top": 84.67, "left": -174.67, "attrs": {} },
    {
      "type": "wokwi-hc-sr04",
      "id": "ultrasonic1",
      "top": -111.5,
      "left": -86.43,
      "attrs": { "distance": "140" }
    }
  ],
  "connections": [
    [ "uno:GND.2", "ultrasonic1:GND", "black", [ "v8.87", "h111", "v-218.67", "h-88" ] ],
    [ "uno:5V", "ultrasonic1:VCC", "red", [ "v22.87", "h-66.16", "v-272" ] ],
    [ "ultrasonic1:TRIG", "uno:13", "green", [ "v54.57", "h-41.67", "v8" ] ],
    [ "ultrasonic1:ECHO", "uno:12", "green", [ "v62.57", "h-38.23" ] ]
  ]
}