{
  "version": 1,
  "author": "Kani Obed",
  "editor": "wokwi",
  "parts": [
    { "type": "wokwi-esp32-devkit-v1", "id": "esp", "top": -83.35, "left": 16.93, "attrs": {} },
    {
      "type": "wokwi-dht22",
      "id": "dht1",
      "top": -83.37,
      "left": -74.16,
      "attrs": { "temperature": "22.3", "humidity": "38.5" }
    },
    {
      "type": "wokwi-led",
      "id": "led1",
      "top": -63.23,
      "left": 222.19,
      "attrs": { "color": "green" }
    },
    {
      "type": "wokwi-led",
      "id": "led2",
      "top": -64.52,
      "left": 184.25,
      "attrs": { "color": "yellow" }
    },
    {
      "type": "wokwi-led",
      "id": "led3",
      "top": -66.49,
      "left": 142.23,
      "attrs": { "color": "red" }
    }
  ],
  "connections": [
    [ "esp:TX0", "$serialMonitor:RX", "", [] ],
    [ "esp:RX0", "$serialMonitor:TX", "", [] ],
    [ "dht1:GND", "esp:GND.2", "black", [ "v0" ] ],
    [ "dht1:SDA", "esp:D15", "green", [ "v0" ] ],
    [ "esp:3V3", "dht1:VCC", "green", [ "v0" ] ],
    [ "esp:D4", "led2:A", "green", [ "h0" ] ],
    [ "esp:D5", "led1:A", "green", [ "h0" ] ],
    [ "esp:GND.2", "led3:C", "black", [ "h135.75", "v-116.66" ] ],
    [ "esp:GND.2", "led2:C", "black", [ "h0" ] ],
    [ "esp:GND.2", "led1:C", "black", [ "h0" ] ],
    [ "esp:D18", "led3:A", "green", [ "h0" ] ]
  ]
}